ğŸ‡¼ ğŸ‡­ ğŸ‡¦ ğŸ‡¹ ğŸ‡¸ ğŸ‡¦ ğŸ‡µ,
$34,
$700k portfolio,
020 per week,
ğŸğŸ‘ğŸğŸğŸ‘ğŸ•ğŸ•ğŸ”ğŸ’ğŸ“ğŸ”,
6456ğŸ‡ºğŸ‡¸,
approach our market analyst,
away from equities,
azt200x,
broker with high returns,
building up my portfolio,
bullish or down market,
communicate with financial mentor,
confer with portfolio expert,
connect with investment guide,
consistent profit-making,
consistent weekly profits,
consult my investment strategist,
consult with finance professional,
contact a portfolio manager,
contact for asset management,
contact for financial growth,
contact our trading specialist,
could really use the expertise of this advisors,
crisis and downturn,
crypto investment,
currency market earnings,
dedicated trading advisor,
direct investment advice,
direct message to trading advisor,
double your investment,
economic crisis,
emergency and savings,
exclusive trading platform,
expert financial guidance,
expert market predictions,
expert trader,
expertise in the financial market,
fed's hiking might be drawing to a stop,
financial advisor access,
financial consultant for profit,
financial funds oversight,
financial gains expert,
financial growth expert,
financial market,
financial market expert,
financial planner that devised a defensive strategy,
financial profits advisor,
financial strategy session,
financial trading coach,
focusing more on stocks,
forex trade,
fund management expert,
fund manager experience,
get in touch with a financial planner,
get in touch with wealth strategist,
get investment advice from,
given the current market conditions,
go on and invest with,
gold is usually a wise,
guaranteed stock tips,
guaranteed trading profits,
happens in my portfolio,
has been trading for me,
hedge fund strategies,
high profits,
high return rates,
high yield bonds,
high-yield investment program,
how can i reach out to her,
how good are you earnings,
huge returns,
i'm also trading with,
i'm still making losses,
inputted her full name,
inquire about investment management,
inquire with a trading expert,
investing in financial market,
investment expert contact,
investment guide assistance,
investment guru,
investment income doubled,
investment to always keep you,
keeping some gold,
leading investment consultant,
liaise with investment consultant,
lucrative stock tips,
made fortunes from the,
made over $150k since then,
make money fast,
makes for good profit,
making profit monthly,
making weekly profits,
manages all my funds,
market judgements,
market uncertainties,
maximize profit within a short term,
message our financial consultant,
messaging our wealth advisor,
money-making secrets,
monthly profit strategy,
monthly trading returns,
most reliable in the market,
mrs charlotte bates,
mrs sarah,
my advisor is,
my advisor is natalie carol nelson,
my entire portfolio through,
my financial advisor,
my financial broker,
my investment strategy,
my investments aren't holding up,
my journey in cryptocurrency,
my portfolio manager,
my trading partner,
my wealth advisor,
no-risk returns,
not skilled still possible to hire one,
offshore investments,
passive income from trading,
passive income streams,
personal portfolio of approximately $750k,
portfolio diversification,
portfolio growth,
portfolio has been down bad,
portfolio manager services,
positions in the market,
professional investment services,
profit from market trends,
profitable trading consultant,
protect and profit from my portfolio this red season,
quick money scheme,
reach financial advisor,
reach out for financial advice,
reach out for profit advice,
reach out for wealth guidance,
reach out to financial expert,
reach out to her immediately,
reach out to market guru,
recover all that i lost,
registered brokerage,
reliable financial strategies,
renowned figure in her line of work,
risk with the current economy,
risk-free investment opportunity,
save in the us dollar,
savings to precious metals,
scaled up my investment,
seasoned financial expert,
secret investment strategies,
secure your wealth,
seek asset allocation guidance,
seek expert investment help,
seek strategies from finance expert,
seeking advice from an expert,
she's the best broker,
significant monthly returns,
signs of 2008 market,
smart asset allocation,
smart portfolio management,
steady wealth increase,
stock market secrets,
strategic market analyst,
strategic wealth planner,
successful financial advisor,
talk to investment professional,
telegram,
this present market,
took a big hit in april due to the crash,
top-notch credentials,
touch base with market advisor,
trade perfectly without losses,
trader for passive income,
trading mentorship,
trading partner expertise,
triple your capital,
trusted investment advisor,
trying to trade by,
using the same advisor,
wealth accumulation tactics,
wealth advisor engagement,
wealth management consultant,
wealth management contact,
wealth management specialist,
weekly trading gains,
what's apk,
whats ap,
whats app,
whatsap,
whatsapp,
your trading specialist
