my advisor,
communicate with financial mentor,
confer with portfolio expert,
consult my investment strategist,
consult with finance professional,
contact a portfolio manager,
contact our trading specialist,
dedicated trading advisor,
direct message to trading advisor,
expert financial guidance,
expert market predictions,
financial advisor access,
financial consultant for profit,
financial funds oversight,
financial gains expert,
financial growth expert,
financial market expert,
financial planner,
financial profits advisor,
financial strategy session,
financial trading coach,
fund management expert,
fund manager experience,
get in touch with a financial planner,
get in touch with wealth strategist,
investment expert contact,
leading investment consultant,
liaise with investment consultant,
professional investment services,
reach out to financial expert,
reliable financial strategies,
seasoned financial expert,
seek asset allocation guidance,
seek expert investment help,
seek strategies from finance expert,
strategic market analyst,
strategic wealth planner,
approach our market analyst,
communicate with financial mentor,
confer with portfolio expert,
consult my investment strategist,
consult with finance professional,
contact a portfolio manager,
contact our trading specialist,
dedicated trading advisor,
direct message to trading advisor,
expert financial guidance,
expert market predictions,
financial advisor access,
financial consultant for profit,
financial funds oversight,
financial gains expert,
financial growth expert,
financial market expert,
financial planner that devised a defensive strategy,
financial profits advisor,
financial strategy session,
financial trading coach,
fund management expert,
fund manager experience,
get in touch with a financial planner,
get in touch with wealth strategist,
investment expert contact,
leading investment consultant,
liaise with investment consultant,
professional investment services,
reach out to financial expert,
reliable financial strategies,
seasoned financial expert,
seek asset allocation guidance,
seek expert investment help,
seek strategies from finance expert,
strategic market analyst,
strategic wealth planner,
successful financial advisor,
talk to investment professional,
touch base with market advisor,
trusted investment advisor,
wealth advisor engagement,
wealth management consultant,
wealth management contact,
wealth management specialist,
get in touch with,
Contact my advisor,
Reach out to my broker,
Speak to my consultant,
Consult with a financial planner,
Discuss with a market analyst,
Message my trading coach,
Talk to a profits advisor,
Engage with an investment consultant,
Connect with a wealth strategist,
Email our financial mentor,
DM our investment expert,
Get advice from my financial manager,
Seek guidance from a stock expert,
Engage with my asset advisor,
Contact a portfolio manager,
Reach out to investment strategist,
Consult our trading specialist,
Connect with my financial coach,
Speak to a wealth advisor,
Message a market strategist,
Engage a financial professional,
Consult a wealth management expert,
Discuss with a finance mentor,
Reach out to a market expert,
Talk to an equity advisor,
Contact a trading mentor,
Engage with a finance consultant,
Seek advice from a stock broker,
Get in touch with a market planner,
Consult with an asset strategist,
Reach out to a financial guide,
Speak with a trading expert,
Contact an investment coach,
Engage a market consultant,
Talk to a finance expert,
Consult a wealth planner,
Reach out to a financial strategist,
Connect with an equity strategist,
Speak to a fund manager,
Message a capital advisor,
Get advice from a trading advisor,
Engage with a finance advisor,
Reach out to an investment mentor,
Consult a market tactician,
Speak with a financial analyst,
Contact a capital management expert,
Talk to an investment planner,
Message a stock strategist,
Engage with a financial executive,
Connect with a wealth consultant
