whatsapp,
telegram,
ğŸ‡¼ ğŸ‡­ ğŸ‡¦ ğŸ‡¹ ğŸ‡¸ ğŸ‡¦ ğŸ‡µ,
whatsap,
whats app,
what's apk,
whats ap,
whats app,
whatsap,
whatsapp,
t e l e g r a m,
w h a t a p p,
w h a t s a p,
w h a t s a p p,
W-hatsApp,
Whats_App,
WhatsAppp,
Whatsaap,
Whatsupp,
Watsap,
Watzapp,
Watsapp,
Wassapp,
Whasapp,
Wtsapp,
Wh@tsapp,
WhtsApp,
WhatsAğŸ…¿ï¸,
Whaâ€ sapp,
áº‚hatsapp,
WÄ§atsapp,
Wá¸§atsapp,
WÌ½Í“hatsapp,
WÒ‰hatsapp,
T-elegram,
Tele_gram,
Telegramm,
Tellegram,
Tgram,
T-gram,
Telegrm,
Telgram,
Tellegrm,
TÉ›lÉ›gram,
TÄ“lÄ“gram,
TÄ›legram,
TÑ”lÑ”gram,
TÌ½Í“elegram,
TÒ‰elegram,
TÌ¶eÌ¶lÌ¶eÌ¶gÌ¶rÌ¶aÌ¶mÌ¶,
TelegrÃ¡m,
TÃ¨lÃ©gram,
TelÄ“gram,
TÉ˜lÉ˜gram,
WhatsTele,
AppTelegram,
WAppTGram,
TAppWGram,
WhatsTelly,
TellyWhats,
WsTp,
TpWs,
W.T.Gram,
T.W.App,
WhatsApp!,
Whatsapp#,
Whatsapp.,
Whatsapp,
WhatsApp?,
WhatsApp+,
Whats_App,
Whats-App,
Whats.App,
What'sApp,
Whats'App,
W-h-a-t-s-a-p-p,
Whatsapp,
W@t$@pp,
Whatzapp,
Watzap,
Wats-app,
Whtsapp,
Watssap,
Whatspp,
Whatsaap!,
Whatsappp,
Whatssapp,
Whattsapp,
Wutsapp,
Telegram!,
Telegram#,
Telegram.,
Telegram,
Telegram?,
Telegram+,
Tele_Gram,
Tele-Gram,
Tele.Gram,
Tele'Gram,
T-e-l-e-g-r-a-m,
Telegra*m,
T@lâ‚¬gr@m,
Tellegram,
Tellgram,
Tgramm,
Tlegram,
Telgram!,
Tellegrm#,
Tlegrm,
Tlgram,
Telgrm!,
Tgram.,
Telegrm,
Tlegrm+
